Datetime,Water Level (m)
2025-04-05 00:00:00,0.003630109
2025-04-05 01:00:00,-0.0035935075
2025-04-05 02:00:00,-0.006385062
2025-04-05 03:00:00,-0.0052222833
2025-04-05 04:00:00,-0.0015570684
2025-04-05 05:00:00,0.0021404582
2025-04-05 06:00:00,0.003075623
2025-04-05 07:00:00,0.000281346
2025-04-05 08:00:00,-0.0053433757
2025-04-05 09:00:00,-0.013571162
2025-04-05 10:00:00,-0.023722956
2025-04-05 11:00:00,-0.035721485
2025-04-05 12:00:00,-0.04613037
2025-04-05 13:00:00,-0.054598827
2025-04-05 14:00:00,-0.05730518
2025-04-05 15:00:00,-0.053752847
2025-04-05 16:00:00,-0.046024173
2025-04-05 17:00:00,-0.035985995
2025-04-05 18:00:00,-0.025515964
2025-04-05 19:00:00,-0.017272446
2025-04-05 20:00:00,-0.0128399655
2025-04-05 21:00:00,-0.012469421
2025-04-05 22:00:00,-0.015824225
2025-04-05 23:00:00,-0.02143439
2025-04-06 00:00:00,-0.02840302
2025-04-06 01:00:00,-0.03650497
2025-04-06 02:00:00,-0.043872423
2025-04-06 03:00:00,-0.0482014
2025-04-06 04:00:00,-0.049084663
2025-04-06 05:00:00,-0.046740454
2025-04-06 06:00:00,-0.043249875
2025-04-06 07:00:00,-0.040441997
2025-04-06 08:00:00,-0.040405195
2025-04-06 09:00:00,-0.043487348
2025-04-06 10:00:00,-0.047056947
2025-04-06 11:00:00,-0.054131187
2025-04-06 12:00:00,-0.0631913
2025-04-06 13:00:00,-0.071954004
2025-04-06 14:00:00,-0.07951567
2025-04-06 15:00:00,-0.082976006
2025-04-06 16:00:00,-0.081039675
2025-04-06 17:00:00,-0.0746456
2025-04-06 18:00:00,-0.06484675
2025-04-06 19:00:00,-0.05331229
2025-04-06 20:00:00,-0.041688144
2025-04-06 21:00:00,-0.033025596
2025-04-06 22:00:00,-0.029199826
2025-04-06 23:00:00,-0.029206058
2025-04-07 00:00:00,-0.033055257
2025-04-07 01:00:00,-0.03923867
2025-04-07 02:00:00,-0.047117133
2025-04-07 03:00:00,-0.055057775
2025-04-07 04:00:00,-0.061189014
2025-04-07 05:00:00,-0.063434385
2025-04-07 06:00:00,-0.06182607
2025-04-07 07:00:00,-0.057526737
2025-04-07 08:00:00,-0.051931478
2025-04-07 09:00:00,-0.046927758
2025-04-07 10:00:00,-0.043787073
2025-04-07 11:00:00,-0.04338762
2025-04-07 12:00:00,-0.046162754
2025-04-07 13:00:00,-0.054363087
2025-04-07 14:00:00,-0.062198516
2025-04-07 15:00:00,-0.071103804
2025-04-07 16:00:00,-0.07666653
2025-04-07 17:00:00,-0.076655775
2025-04-07 18:00:00,-0.07039966
2025-04-07 19:00:00,-0.062342033
2025-04-07 20:00:00,-0.048337985
2025-04-07 21:00:00,-0.035100754
2025-04-07 22:00:00,-0.023956297
2025-04-07 23:00:00,-0.01671084
2025-04-08 00:00:00,-0.014550487
2025-04-08 01:00:00,-0.016985068
2025-04-08 02:00:00,-0.022223705
2025-04-08 03:00:00,-0.029050149
2025-04-08 04:00:00,-0.036879554
2025-04-08 05:00:00,-0.042909984
2025-04-08 06:00:00,-0.04420353
2025-04-08 07:00:00,-0.040016595
2025-04-08 08:00:00,-0.03068791
2025-04-08 09:00:00,-0.018611614
2025-04-08 10:00:00,-0.0045225527
2025-04-08 11:00:00,0.0010845234
2025-04-08 12:00:00,-0.0016915939
2025-04-08 13:00:00,-0.004330366
2025-04-08 14:00:00,-0.010055663
2025-04-08 15:00:00,-0.018716771
2025-04-08 16:00:00,-0.02711232
2025-04-08 17:00:00,-0.03407677
2025-04-08 18:00:00,-0.034558192
2025-04-08 19:00:00,-0.02954209
2025-04-08 20:00:00,-0.019430134
2025-04-08 21:00:00,-0.005962676
2025-04-08 22:00:00,0.008414842
2025-04-08 23:00:00,0.01966834
2025-04-09 00:00:00,0.025292467
2025-04-09 01:00:00,0.025774766
2025-04-09 02:00:00,0.022254601
2025-04-09 03:00:00,0.015723633
2025-04-09 04:00:00,0.0066585843
2025-04-09 05:00:00,-0.0031817462
2025-04-09 06:00:00,-0.011079922
2025-04-09 07:00:00,-0.013866806
2025-04-09 08:00:00,-0.010205279
2025-04-09 09:00:00,-0.0014003926
2025-04-09 10:00:00,0.00976639
2025-04-09 11:00:00,0.019752417
2025-04-09 12:00:00,0.025416983
2025-04-09 13:00:00,0.026553392
2025-04-09 14:00:00,0.023150286
2025-04-09 15:00:00,0.016598074
2025-04-09 16:00:00,0.007272028
2025-04-09 17:00:00,-0.0026167752
2025-04-09 18:00:00,-0.009349047
2025-04-09 19:00:00,-0.009587751
2025-04-09 20:00:00,-0.0030776614
2025-04-09 21:00:00,0.008627775
2025-04-09 22:00:00,0.023461131
2025-04-09 23:00:00,0.038697198
2025-04-10 00:00:00,0.050540205
2025-04-10 01:00:00,0.056032646
2025-04-10 02:00:00,0.05601286
2025-04-10 03:00:00,0.051676203
2025-04-10 04:00:00,0.043981247
2025-04-10 05:00:00,0.03434633
2025-04-10 06:00:00,0.025001956
2025-04-10 07:00:00,0.019715086
2025-04-10 08:00:00,0.02110461
2025-04-10 09:00:00,0.028606316
2025-04-10 10:00:00,0.04124804
2025-04-10 11:00:00,0.055079337
2025-04-10 12:00:00,0.06743102
2025-04-10 13:00:00,0.07335383
2025-04-10 14:00:00,0.073106445
2025-04-10 15:00:00,0.06891988
2025-04-10 16:00:00,0.061747767
2025-04-10 17:00:00,0.05107669
2025-04-10 18:00:00,0.04143462
2025-04-10 19:00:00,0.03714599
2025-04-10 20:00:00,0.040674504
2025-04-10 21:00:00,0.052869733
2025-04-10 22:00:00,0.070234895
2025-04-10 23:00:00,0.08762552
2025-04-11 00:00:00,0.102104604
